cno,user_id,card_no,b,i,n,g,o
167496,846,1,"5,12,14,8,2","26,28,29,22,19","38,40,0,34,36","59,46,50,52,51","64,62,75,65,61"
167497,846,2,"3,1,11,4,15","30,24,21,26,20","40,41,0,35,38","50,54,49,46,58","73,72,71,63,62"
167498,846,3,"5,7,12,8,3","16,27,18,22,28","39,33,0,34,40","59,54,56,60,51","65,64,63,74,71"
167499,846,4,"3,13,15,2,9","27,20,28,22,26","32,43,0,38,35","57,46,55,52,48","69,65,67,64,63"
167500,846,5,"11,3,4,14,1","29,22,23,26,25","41,40,0,39,36","53,49,56,57,59","65,70,69,66,62"
167501,846,6,"6,1,10,14,2","18,28,25,26,19","33,35,0,44,43","54,58,46,53,56","72,71,65,68,73"
167502,846,7,"11,9,13,10,4","22,16,23,24,26","34,37,0,42,31","60,47,48,59,51","69,61,72,70,68"
167503,846,8,"7,4,8,14,13","23,21,26,30,16","38,37,0,31,33","54,50,49,46,57","64,70,72,68,75"
167504,846,9,"3,1,2,8,6","25,21,28,24,16","34,35,0,31,32","60,52,59,53,51","63,61,64,67,69"
167505,846,10,"11,14,8,1,6","24,25,26,16,17","38,44,0,39,41","58,53,47,56,60","75,67,62,72,61"
167506,846,11,"13,14,10,2,5","21,26,24,18,19","42,40,0,34,35","46,57,52,60,50","65,68,67,75,73"
167507,846,12,"14,9,4,7,6","29,27,26,18,17","37,31,0,34,40","57,59,52,54,50","71,63,67,73,64"
167508,846,13,"13,2,8,7,3","29,16,20,21,19","36,33,0,41,39","47,54,57,51,52","71,74,68,73,69"
167509,846,14,"9,14,7,2,4","26,16,21,28,24","45,33,0,44,35","58,52,57,56,48","68,69,75,66,71"
167510,846,15,"4,6,10,7,12","26,30,20,16,18","40,43,0,42,33","56,49,60,48,47","65,72,69,73,74"
167511,846,16,"8,10,11,13,3","30,20,19,22,21","45,43,0,36,44","48,47,46,53,59","74,64,62,67,71"
167512,846,17,"4,10,1,6,7","30,26,27,19,21","41,33,0,42,38","53,46,58,59,50","71,67,72,73,70"
167513,846,18,"12,2,14,4,6","26,16,20,24,19","45,43,0,40,37","55,60,48,51,58","62,75,72,73,70"
167514,846,19,"11,13,7,3,1","18,30,23,16,29","45,40,0,44,33","47,46,55,60,53","75,63,74,70,69"
167515,846,20,"13,7,1,6,2","19,20,25,18,21","35,43,0,36,38","52,49,50,55,60","75,62,71,63,73"
167516,846,21,"4,9,15,5,1","16,20,17,22,18","40,35,0,34,33","54,58,57,51,48","68,65,62,63,66"
167517,846,22,"13,11,4,12,9","30,19,18,25,17","39,44,0,33,40","47,50,48,59,60","62,69,67,74,65"
167518,846,23,"7,15,2,1,9","30,23,16,20,19","35,41,0,42,44","58,51,50,57,59","74,63,73,64,66"
167519,846,24,"8,14,13,12,10","25,17,27,19,30","45,36,0,32,37","56,46,58,55,51","74,70,68,66,72"
167520,846,25,"11,1,4,7,14","24,22,18,25,23","42,39,0,31,33","57,50,52,56,60","66,63,70,67,75"
167521,846,26,"15,4,6,10,13","17,21,18,19,24","37,44,0,38,35","52,51,54,56,57","62,75,61,73,70"
167522,846,27,"9,1,12,5,11","27,28,30,24,26","43,36,0,35,33","51,47,56,48,46","75,62,70,69,74"
167523,846,28,"8,13,9,3,14","29,16,23,20,22","40,35,0,38,33","46,47,53,55,57","66,62,68,64,75"
167524,846,29,"1,15,11,4,12","17,16,25,26,27","43,45,0,31,33","46,55,48,54,53","74,62,67,70,75"
167525,846,30,"6,3,14,1,7","29,30,16,23,26","42,35,0,44,37","46,55,47,56,48","62,66,63,69,64"
167526,846,31,"9,3,13,11,10","21,24,18,19,17","37,35,0,36,32","60,46,47,56,55","63,70,72,62,66"
167527,846,32,"7,4,11,1,15","24,20,26,18,28","36,44,0,42,32","48,60,54,57,58","73,75,68,71,64"
167528,846,33,"2,14,5,3,15","19,28,29,23,27","33,34,0,35,37","48,54,57,46,49","62,63,65,69,66"
167529,846,34,"1,14,9,13,8","27,20,30,17,21","37,35,0,43,33","48,50,60,51,47","73,63,72,66,64"
167530,846,35,"8,10,6,5,15","29,19,16,24,26","33,32,0,41,43","55,48,60,54,53","69,61,64,62,67"
167531,846,36,"10,8,9,13,5","28,26,20,18,19","42,40,0,41,43","49,59,51,47,52","66,75,63,61,64"
167532,846,37,"11,15,9,3,12","27,24,21,30,29","39,41,0,43,42","55,60,56,47,57","68,67,61,75,71"
167533,846,38,"11,3,8,13,6","27,21,22,19,23","42,36,0,39,45","53,60,57,46,50","65,69,72,63,67"
167534,846,39,"6,13,15,9,3","27,21,18,29,25","34,42,0,38,33","59,53,57,50,54","61,71,65,64,62"
167535,846,40,"14,12,8,10,2","27,26,24,28,20","36,34,0,43,38","53,57,49,51,59","65,61,63,75,67"
167536,846,41,"14,7,4,6,2","18,17,20,23,25","31,33,0,43,39","52,56,60,46,59","65,61,71,75,73"
167537,846,42,"13,15,7,2,8","25,24,30,23,26","44,31,0,42,32","58,48,50,54,59","62,67,65,68,69"
167538,846,43,"4,3,12,15,6","24,25,18,29,17","34,35,0,45,43","55,48,60,54,58","66,71,70,72,67"
167539,846,44,"1,7,14,6,5","27,19,24,30,26","44,45,0,42,36","53,52,51,56,57","62,74,73,66,69"
167540,846,45,"4,2,7,11,1","18,27,30,26,19","33,35,0,38,42","52,50,60,47,48","73,66,64,72,65"
167541,846,46,"5,8,1,10,9","30,16,22,29,20","44,34,0,36,39","46,50,48,56,55","75,65,73,61,62"
167542,846,47,"7,9,12,3,5","16,26,19,24,23","43,37,0,36,41","50,58,48,49,60","65,72,68,63,61"
167543,846,48,"5,9,15,14,6","19,24,29,17,25","40,33,0,45,34","60,57,49,58,56","75,66,64,69,73"
167544,846,49,"13,12,15,6,9","27,16,24,18,26","33,38,0,40,35","57,47,60,55,53","73,63,72,71,61"
167545,846,50,"7,14,4,11,8","16,25,18,24,19","38,42,0,33,40","51,53,55,57,52","64,74,72,68,67"
167546,846,51,"2,10,6,13,5","16,20,17,27,26","37,34,0,42,40","59,55,52,49,51","70,66,69,74,67"
167547,846,52,"4,12,5,2,1","25,22,20,24,30","32,38,0,37,43","57,55,50,47,51","68,75,63,62,61"
167548,846,53,"4,10,13,2,12","30,22,26,20,18","34,37,0,32,36","55,50,53,48,56","72,71,74,75,73"
167549,846,54,"15,13,5,7,10","29,21,23,19,24","40,41,0,43,45","53,55,47,54,49","67,70,65,73,74"
167550,846,55,"4,9,2,5,10","17,28,19,24,26","34,35,0,37,39","59,55,47,52,53","64,73,72,69,75"
167551,846,56,"10,14,11,2,9","26,22,24,25,20","36,32,0,40,42","49,48,47,58,46","62,66,67,65,70"
167552,846,57,"3,1,9,2,6","17,26,18,27,24","35,45,0,34,33","51,52,55,48,53","62,63,61,66,65"
167553,846,58,"11,4,2,1,13","20,16,26,17,30","33,44,0,31,45","51,48,47,52,60","70,66,62,72,65"
167554,846,59,"8,7,4,9,11","19,16,17,22,20","40,45,0,42,41","48,50,59,53,56","71,61,65,73,64"
167555,846,60,"4,11,2,8,1","19,29,23,16,18","44,39,0,33,41","57,50,46,56,51","74,72,68,73,63"
167556,846,61,"6,2,13,1,7","17,25,16,19,20","32,44,0,34,40","57,48,46,52,54","61,63,71,72,62"
167557,846,62,"7,5,15,14,2","27,26,24,22,25","45,32,0,39,35","55,49,54,46,47","70,68,64,65,61"
167558,846,63,"8,12,14,4,1","30,17,29,19,22","41,44,0,39,43","60,52,59,49,55","75,68,67,62,72"
167559,846,64,"14,9,15,10,11","23,30,26,28,16","35,34,0,44,36","52,49,59,54,53","65,63,61,75,74"
167560,846,65,"9,12,4,5,13","26,28,19,22,23","42,38,0,35,45","59,50,52,58,55","73,69,67,61,66"
167561,846,66,"4,5,1,6,15","20,28,18,22,25","42,38,0,36,34","54,49,50,48,56","62,73,70,74,63"
167562,846,67,"4,15,6,12,7","20,21,28,16,17","41,43,0,44,31","56,50,59,57,52","69,73,62,74,63"
167563,846,68,"9,12,8,3,5","28,17,19,20,21","33,38,0,35,45","53,55,54,49,50","75,63,68,73,65"
167564,846,69,"10,7,5,8,12","16,23,25,18,20","45,32,0,44,35","60,57,47,48,46","73,71,64,67,68"
167565,846,70,"12,4,8,3,14","28,29,19,17,25","41,43,0,35,36","54,47,59,57,48","62,69,72,64,68"
167566,846,71,"5,6,10,1,14","16,29,24,18,19","33,32,0,45,31","56,48,50,52,54","73,70,64,71,61"
167567,846,72,"14,5,10,6,7","27,22,25,19,23","40,42,0,37,31","57,59,52,50,60","61,74,65,66,75"
167568,846,73,"9,4,2,6,1","28,25,21,20,22","31,37,0,32,33","49,47,57,59,60","69,74,66,68,63"
167569,846,74,"3,4,7,9,10","22,21,16,20,26","31,44,0,45,43","49,46,55,54,51","61,63,69,73,71"
167570,846,75,"10,14,4,7,15","28,30,22,20,17","43,41,0,35,33","58,49,56,48,59","73,74,64,69,66"
167571,846,76,"2,13,11,9,15","17,26,28,30,24","32,33,0,36,41","60,46,48,51,56","62,71,69,73,75"
167572,846,77,"1,14,4,2,11","30,17,19,24,28","45,41,0,38,37","58,51,52,48,46","64,67,68,70,74"
167573,846,78,"12,13,11,3,7","25,18,17,22,23","42,39,0,34,33","59,53,58,57,55","74,71,68,63,64"
167574,846,79,"12,5,7,10,2","24,25,28,18,27","43,39,0,40,44","51,58,60,47,53","68,70,71,65,64"
167575,846,80,"15,11,9,1,2","23,19,25,17,28","33,42,0,38,43","50,60,48,54,49","62,67,61,74,71"
167576,846,81,"6,13,15,8,11","24,18,19,30,22","40,37,0,35,39","48,49,55,60,52","71,75,64,72,68"
167577,846,82,"5,1,2,10,15","24,28,21,18,17","42,45,0,35,43","58,54,53,50,49","72,70,61,64,65"
167578,846,83,"7,12,5,14,15","30,27,24,25,19","32,37,0,39,40","60,48,58,49,51","75,71,63,64,66"
167579,846,84,"6,11,5,15,2","30,18,29,26,23","38,40,0,45,42","59,52,51,53,57","65,73,72,71,70"
167580,846,85,"9,14,3,12,13","29,18,24,17,16","39,40,0,33,36","54,59,58,57,49","63,73,74,72,68"
167581,846,86,"15,7,14,2,6","22,25,24,17,30","35,45,0,37,40","52,47,59,49,54","66,61,67,75,64"
167582,846,87,"4,12,13,8,6","18,25,20,27,22","31,34,0,36,37","49,51,52,54,50","66,74,71,68,64"
167583,846,88,"1,13,6,5,3","17,27,23,21,28","42,38,0,32,41","57,53,50,47,56","65,73,68,63,72"
167584,846,89,"2,5,11,1,12","18,20,26,19,27","38,43,0,42,39","53,59,51,47,50","63,73,71,68,62"
167585,846,90,"11,15,8,5,13","21,22,17,23,26","36,40,0,42,39","58,55,46,53,56","68,62,69,64,74"
167586,846,91,"3,15,10,7,9","29,23,18,17,16","43,37,0,32,31","60,54,51,53,55","67,63,74,62,61"
167587,846,92,"14,7,4,6,12","27,18,17,22,16","43,45,0,33,31","58,50,52,59,55","75,61,65,63,66"
167588,846,93,"7,9,14,3,13","28,24,27,16,22","40,31,0,32,39","48,47,59,56,51","63,73,61,75,72"
167589,846,94,"15,6,9,12,10","25,30,26,16,17","45,31,0,43,32","59,48,58,55,54","68,70,67,71,73"
167590,846,95,"15,14,10,5,6","28,20,16,18,27","45,33,0,34,41","58,46,52,53,54","67,66,71,62,63"
167591,846,96,"15,10,9,8,3","27,25,18,20,19","31,37,0,44,41","52,48,55,58,49","69,63,68,75,61"
167592,846,97,"6,3,4,7,15","28,27,20,16,21","45,33,0,36,34","57,51,48,52,46","65,62,70,66,64"
167593,846,98,"10,2,5,6,8","28,22,23,24,19","43,34,0,40,41","55,57,59,46,48","72,74,61,63,65"
167594,846,99,"11,2,13,5,14","18,24,19,23,17","33,35,0,40,41","47,48,54,49,58","62,69,75,70,65"
167595,846,100,"5,15,12,10,4","19,18,29,17,24","45,42,0,44,38","55,54,46,57,56","75,71,68,62,73"
167596,846,101,"13,6,14,7,12","27,24,21,18,17","40,34,0,39,45","57,53,52,47,49","70,71,64,66,62"
167597,846,102,"13,5,1,3,8","21,17,23,18,22","39,34,0,40,41","58,55,54,56,57","71,69,66,64,61"
167598,846,103,"1,15,13,2,11","29,18,21,23,19","45,35,0,36,33","60,54,50,49,47","74,70,65,62,63"
167599,846,104,"8,7,2,11,13","22,19,27,23,26","44,38,0,42,35","56,54,49,47,55","70,65,69,63,75"
167600,846,105,"15,11,12,3,10","16,28,20,30,24","39,40,0,35,37","59,51,56,60,53","66,68,67,72,64"
167601,846,106,"5,15,10,2,6","21,20,28,26,27","35,42,0,31,33","46,51,47,49,52","69,70,67,64,65"
167602,846,107,"14,13,3,6,10","23,25,28,30,16","40,32,0,44,37","58,46,50,54,53","62,65,63,66,74"
167603,846,108,"1,5,6,14,2","19,26,29,25,24","41,36,0,42,45","49,50,60,47,54","72,69,61,71,65"
167604,846,109,"2,4,9,1,14","16,23,17,26,20","43,32,0,34,31","47,58,51,59,57","70,73,74,75,72"
167605,846,110,"3,15,14,6,11","28,18,20,21,30","42,36,0,45,41","46,53,55,57,60","70,64,67,73,62"
167606,846,111,"15,10,3,9,14","28,19,17,16,24","39,34,0,45,36","58,54,59,51,49","65,68,71,66,64"
167607,846,112,"7,13,9,4,2","20,19,21,18,27","32,36,0,38,45","47,53,57,59,51","61,67,66,68,69"
167608,846,113,"5,2,1,9,13","26,18,29,22,17","33,39,0,44,42","56,54,58,57,55","75,62,72,68,67"
167609,846,114,"1,13,6,7,2","20,18,27,23,29","34,40,0,37,44","58,59,52,48,57","75,69,67,70,73"
167610,846,115,"11,4,2,14,5","21,28,26,29,24","44,34,0,41,31","49,55,47,48,51","64,62,71,73,63"
167611,846,116,"9,1,6,12,2","20,26,16,22,18","35,43,0,41,38","59,56,58,49,51","66,72,64,61,69"
167612,846,117,"11,1,4,9,14","16,26,29,28,23","45,44,0,31,40","60,55,47,51,59","73,69,72,64,68"
167613,846,118,"5,1,7,2,10","18,27,28,21,24","45,42,0,43,32","58,50,54,60,51","67,65,64,74,71"
167614,846,119,"5,1,2,3,12","30,22,18,29,17","38,42,0,33,32","48,60,50,46,55","71,62,65,75,66"
167615,846,120,"7,3,12,4,13","23,27,21,24,17","45,42,0,41,44","55,60,57,49,50","62,71,66,68,75"
167616,846,121,"10,3,13,2,7","28,27,24,21,25","32,40,0,41,42","59,47,57,60,58","72,63,71,68,65"
167617,846,122,"13,7,10,8,14","27,22,25,16,23","33,42,0,43,38","51,48,54,52,60","63,61,65,72,74"
167618,846,123,"1,15,3,8,4","22,25,23,26,28","39,35,0,44,38","51,47,50,49,53","62,75,66,70,67"
167619,846,124,"9,8,4,11,1","19,23,24,17,26","35,43,0,32,38","54,57,58,50,49","73,61,68,62,75"
167620,846,125,"8,2,13,15,6","18,30,29,27,17","39,37,0,31,45","54,57,56,49,52","63,75,68,67,61"
167621,846,126,"6,13,9,3,8","26,19,25,20,27","44,32,0,40,31","55,60,49,46,56","62,61,75,65,71"
167622,846,127,"1,4,7,9,11","27,17,16,23,21","40,33,0,36,34","54,46,48,56,50","73,68,63,66,74"
167623,846,128,"9,8,1,7,12","19,26,24,20,27","40,31,0,39,43","46,48,59,49,57","75,67,65,70,73"
167624,846,129,"3,1,4,14,9","23,27,28,29,30","40,45,0,35,41","53,51,46,56,52","75,68,73,61,74"
167625,846,130,"10,14,2,6,3","25,29,28,22,18","37,38,0,35,45","53,58,56,57,60","65,69,68,70,67"
167626,846,131,"11,3,10,7,13","26,28,24,18,30","39,33,0,45,44","51,56,58,53,47","75,67,74,69,64"
167627,846,132,"8,2,14,9,15","17,24,16,21,18","42,39,0,31,35","52,56,60,47,54","74,63,62,72,70"
167628,846,133,"14,15,10,2,1","16,21,26,19,25","32,34,0,45,40","53,59,55,56,51","74,65,66,61,64"
167629,846,134,"8,11,9,6,13","27,26,19,23,22","44,31,0,41,40","54,55,57,49,56","70,64,67,62,72"
167630,846,135,"3,9,5,12,4","27,24,17,18,25","31,40,0,38,36","46,48,55,58,54","71,67,62,68,73"
167631,846,136,"10,15,9,5,14","20,28,24,25,23","32,34,0,37,31","58,56,50,46,51","73,61,75,67,65"
167632,846,137,"7,15,1,4,8","29,27,18,16,21","42,40,0,38,39","56,60,51,57,59","69,64,74,67,68"
167633,846,138,"4,8,9,11,3","17,29,24,27,22","31,37,0,34,36","46,57,59,55,48","70,65,67,63,73"
167634,846,139,"9,14,11,8,4","17,24,18,21,27","35,45,0,36,37","55,52,48,47,57","72,68,66,71,70"
167635,846,140,"2,13,15,4,10","22,21,30,26,29","41,45,0,39,34","54,51,47,50,58","62,70,63,75,64"
167636,846,141,"1,5,2,12,15","21,28,26,24,17","32,42,0,34,43","54,51,60,59,57","65,63,61,62,72"
167637,846,142,"1,9,7,12,11","30,24,20,17,18","45,42,0,36,35","49,56,52,60,54","66,69,74,62,63"
167638,846,143,"10,14,1,11,13","27,16,25,26,28","35,37,0,41,42","51,53,48,58,47","61,72,69,70,68"
167639,846,144,"14,10,7,15,6","17,28,16,24,29","34,43,0,41,36","54,55,58,59,57","63,70,71,69,64"
167640,846,145,"5,10,9,14,6","18,21,28,25,20","31,43,0,40,35","52,56,59,48,47","62,66,69,67,71"
167641,846,146,"11,10,15,13,2","20,25,17,21,23","43,33,0,42,35","49,58,50,52,51","75,74,67,71,64"
167642,846,147,"15,6,13,8,7","18,19,16,27,29","44,31,0,35,38","54,56,60,55,57","69,64,70,66,72"
167643,846,148,"11,4,14,8,7","28,26,16,25,22","35,45,0,33,44","47,48,54,52,57","72,73,71,61,68"
167644,846,149,"9,6,7,11,8","27,20,19,22,17","39,38,0,35,45","48,51,55,46,47","70,63,68,74,69"
167645,846,150,"5,15,11,4,2","17,18,21,23,25","43,42,0,39,33","47,48,56,54,49","74,63,64,66,65"
167646,846,151,"5,6,12,1,4","17,20,25,16,26","38,43,0,45,35","46,51,56,60,53","70,75,61,68,74"
167647,846,152,"4,2,7,14,6","28,19,16,26,18","37,31,0,39,32","53,49,56,52,57","61,62,64,74,67"
167648,846,153,"1,3,10,8,6","21,29,24,26,19","34,41,0,35,31","52,54,57,53,58","67,69,70,72,64"
167649,846,154,"3,10,14,2,15","17,30,27,19,18","36,40,0,41,42","49,52,58,59,47","69,62,66,68,64"
167650,846,155,"14,4,10,8,12","30,28,23,16,27","41,35,0,43,39","53,57,46,48,56","74,68,75,70,66"
167651,846,156,"15,13,8,1,12","26,20,19,28,24","38,42,0,33,41","59,53,60,55,51","68,62,71,70,65"
167652,846,157,"11,5,4,13,9","23,27,16,18,26","44,38,0,40,36","53,47,56,55,50","69,65,63,61,74"
167653,846,158,"8,12,1,3,11","29,23,30,25,21","38,32,0,40,35","54,50,48,46,59","74,70,68,72,67"
167654,846,159,"14,8,15,10,6","23,17,26,25,20","39,35,0,31,44","59,55,53,57,52","63,61,71,64,68"
167655,846,160,"8,2,11,10,5","24,20,18,16,29","44,40,0,42,37","48,46,56,49,53","75,69,66,71,65"
167656,846,161,"9,5,3,1,14","29,25,23,27,22","33,31,0,34,38","60,54,51,56,50","70,71,67,65,61"
167657,846,162,"14,10,8,12,7","18,16,26,19,23","45,39,0,41,35","55,56,52,50,46","65,69,64,61,73"
167658,846,163,"3,1,11,4,8","30,24,21,26,20","40,41,0,35,31","50,54,49,46,58","73,72,71,63,62"
167659,846,164,"15,9,6,11,5","25,26,22,20,16","35,39,0,31,43","58,57,56,48,47","69,68,63,66,62"
167660,846,165,"10,11,7,5,1","20,24,19,16,28","43,42,0,33,32","54,53,48,51,47","72,70,64,61,67"
167661,846,166,"5,9,4,1,13","28,27,26,18,17","39,38,0,36,32","57,55,49,46,52","66,64,68,63,65"
167662,846,167,"13,12,11,3,2","24,23,18,21,17","42,40,0,31,37","51,49,53,48,50","67,62,64,72,74"
167663,846,168,"9,8,3,6,2","27,25,19,16,22","36,34,0,33,35","52,47,49,57,59","62,64,68,66,67"
167664,846,169,"12,10,4,1,7","21,19,23,18,20","37,32,0,42,44","47,49,53,51,52","63,75,73,61,68"
167665,846,170,"6,4,8,3,5","22,17,19,27,29","32,34,0,36,37","48,60,58,46,53","70,65,66,62,64"
167666,846,171,"7,2,4,12,14","17,19,23,21,22","33,45,0,31,38","55,50,51,47,49","69,71,74,72,67"
167667,846,172,"2,4,8,6,7","18,30,28,16,23","40,35,0,32,34","54,56,59,57,52","67,75,68,66,74"
167668,846,173,"3,15,13,1,8","25,20,21,17,19","39,41,0,42,37","52,60,53,51,59","73,63,62,66,75"
167669,846,174,"10,5,6,2,4","24,26,29,27,22","37,45,0,36,44","58,48,47,51,60","62,70,66,64,61"
167670,846,175,"9,11,14,12,7","22,30,23,21,29","43,33,0,36,45","47,55,51,49,46","67,62,73,68,66"
167671,846,176,"7,15,8,6,14","28,18,17,21,30","32,40,0,34,31","52,47,58,53,51","66,69,63,75,74"
167672,846,177,"13,3,2,6,15","17,25,21,19,16","37,32,0,38,36","51,54,48,60,59","67,66,63,71,70"
167673,846,178,"2,10,6,4,1","22,17,28,23,21","36,39,0,45,44","52,51,48,56,55","73,72,62,74,68"
167674,846,179,"7,2,13,8,6","21,24,18,30,29","37,36,0,41,40","58,57,47,59,53","73,70,66,67,75"
167675,846,180,"6,9,3,15,14","22,21,18,26,25","43,42,0,44,38","58,55,51,52,60","69,61,70,64,72"
167676,846,181,"7,6,3,11,10","28,27,17,29,23","43,40,0,37,45","54,46,55,49,57","69,67,65,73,75"
167677,846,182,"13,12,2,14,8","28,25,21,22,30","39,31,0,34,42","54,52,50,58,60","65,72,70,71,69"
167678,846,183,"13,10,6,7,15","24,16,25,19,27","39,37,0,43,45","50,57,55,56,54","73,69,61,68,74"
167679,846,184,"9,1,10,4,12","24,22,20,28,30","35,42,0,41,39","58,54,46,53,59","67,72,66,62,70"
167680,846,185,"9,7,5,13,15","20,27,25,26,24","43,39,0,38,44","52,57,51,47,55","69,67,63,75,70"
167681,846,186,"5,12,10,11,9","28,24,16,23,29","37,42,0,32,40","54,52,48,60,55","73,64,67,75,65"
167682,846,187,"13,9,1,8,14","22,27,21,17,25","39,37,0,45,40","58,49,52,60,50","71,68,75,67,66"
167683,846,188,"7,12,6,2,10","24,22,18,30,25","43,34,0,45,35","56,53,60,52,51","75,69,64,61,71"
167684,846,189,"9,7,3,15,10","28,19,22,30,20","41,38,0,37,36","60,54,49,46,56","72,73,68,74,61"
167685,846,190,"13,4,7,15,5","26,23,30,22,21","45,39,0,31,41","57,58,53,59,46","68,71,70,72,65"
167686,846,191,"11,8,15,7,6","30,24,19,16,26","42,43,0,44,31","53,56,55,57,50","70,67,63,65,61"
167687,846,192,"15,9,4,1,11","27,28,23,29,16","38,41,0,42,35","55,52,48,50,46","69,63,75,70,73"
167688,846,193,"12,13,8,14,1","23,26,25,27,20","40,37,0,35,31","54,48,60,55,58","75,74,61,73,69"
167689,846,194,"8,11,10,12,5","25,22,18,20,16","39,33,0,40,43","60,59,46,58,54","74,68,67,62,73"
167690,846,195,"10,7,3,5,1","24,18,30,25,28","45,44,0,43,39","59,53,52,47,58","65,75,69,63,61"
167691,846,196,"9,3,15,10,13","30,29,16,28,24","44,38,0,32,43","50,60,54,48,46","70,67,75,73,69"
167692,846,197,"15,14,1,13,9","29,23,22,17,28","35,45,0,33,31","55,52,60,58,54","68,67,64,69,71"
167693,846,198,"14,8,7,2,13","20,30,24,18,16","40,37,0,43,39","53,52,49,54,56","61,72,73,71,65"
167694,846,199,"5,15,9,3,1","25,22,30,28,24","38,37,0,39,41","46,57,58,56,50","74,72,68,75,65"
167695,846,200,"10,7,15,13,9","23,22,19,24,26","31,42,0,41,35","59,57,53,60,50","73,75,72,74,68"
167696,846,201,"2,7,3,9,15","16,27,28,26,20","44,42,0,45,35","58,60,57,59,53","71,70,75,72,62"
167697,846,202,"1,12,13,11,5","29,27,23,30,20","43,45,0,44,38","56,55,60,57,47","72,66,61,64,71"
167698,846,203,"14,12,8,15,5","28,30,27,29,23","41,40,0,42,32","57,51,46,49,56","72,69,68,67,65"
167699,846,204,"13,15,12,14,8","26,25,30,27,17","42,36,0,34,41","57,54,53,52,50","75,68,74,71,64"
167700,846,205,"11,10,15,12,2","27,21,16,19,26","42,39,0,37,35","60,53,59,56,49","71,62,68,72,70"
167701,846,206,"12,6,1,4,11","27,24,23,22,20","45,38,0,41,34","56,47,53,57,55","68,75,72,63,73"
167702,846,207,"12,9,8,7,5","30,23,29,26,19","41,32,0,42,40","53,60,57,48,58","63,67,70,73,75"
167703,846,208,"15,8,14,11,4","26,17,23,27,25","38,45,0,33,43","48,52,55,58,60","75,64,67,71,73"
167704,846,209,"11,2,8,12,10","23,30,27,18,28","33,37,0,43,45","60,49,52,56,58","75,73,68,64,69"
167705,846,210,"8,15,12,3,13","18,22,25,28,30","45,34,0,41,43","60,58,53,49,54","70,65,62,72,73"
167706,846,211,"3,7,10,13,15","30,19,22,26,28","45,43,0,34,39","55,50,47,57,58","63,73,67,68,65"
167707,846,212,"15,4,7,11,13","30,28,23,19,24","40,35,0,42,43","48,58,52,53,50","64,70,67,65,75"
167708,846,213,"15,13,8,4,9","25,20,17,27,28","33,43,0,38,35","49,55,52,50,60","66,61,64,68,62"
167709,846,214,"10,5,2,12,13","18,28,22,23,20","34,40,0,35,45","51,46,49,53,47","61,70,66,62,73"
167710,846,215,"3,13,7,8,5","19,25,22,20,30","36,31,0,38,32","46,55,51,47,58","71,73,69,65,70"
167711,846,216,"4,10,7,5,15","21,16,19,23,17","31,40,0,32,43","56,58,54,50,55","75,67,64,65,71"
167712,846,217,"6,1,4,8,2","16,25,21,17,28","41,43,0,35,40","60,52,49,50,56","75,63,70,67,72"
167713,846,218,"1,10,6,2,13","26,28,24,20,25","45,37,0,35,41","60,48,55,52,57","64,74,68,67,63"
167714,846,219,"15,13,9,5,10","30,22,19,20,26","45,33,0,37,42","49,59,53,52,48","74,69,70,65,62"
167715,846,220,"11,13,9,5,10","30,22,19,20,26","45,33,0,37,42","49,59,53,52,48","74,69,70,65,62"
167716,846,221,"15,7,4,5,11","30,18,25,22,27","34,44,0,37,33","59,54,55,50,47","74,61,71,67,63"
167717,846,222,"15,3,10,7,12","19,29,23,22,18","44,39,0,35,32","59,46,56,52,48","67,74,64,63,73"
167718,846,223,"4,14,8,7,3","29,24,25,20,17","44,31,0,37,33","52,59,49,48,58","69,65,64,63,61"
167719,846,224,"14,9,10,5,2","29,16,26,22,18","37,44,0,33,43","54,50,49,48,46","74,73,62,75,66"
167720,846,225,"14,1,11,7,3","22,29,19,18,28","39,35,0,33,31","59,58,47,60,51","65,61,64,71,63"
167721,846,226,"7,14,4,3,13","24,20,19,18,16","44,43,0,45,36","50,46,49,56,48","61,68,63,75,62"
167722,846,227,"9,5,4,3,1","29,28,17,30,21","35,31,0,41,33","46,53,48,60,47","72,64,63,71,66"
167723,846,228,"14,13,2,15,6","20,16,19,26,18","31,38,0,45,32","57,49,48,56,51","63,75,73,71,67"
167724,846,229,"5,1,4,11,3","16,23,18,30,17","42,34,0,41,36","48,60,58,56,52","63,71,64,68,61"
167725,846,230,"1,8,3,15,2","27,19,18,26,21","33,45,0,41,37","48,56,49,53,46","75,61,69,66,65"
167726,846,231,"12,4,3,11,6","18,30,28,26,22","33,41,0,38,31","60,46,54,51,50","73,63,75,74,68"
167727,846,232,"3,15,13,11,7","18,26,19,23,16","45,31,0,36,35","58,48,60,59,53","67,65,71,70,61"
167728,846,233,"3,11,4,8,1","30,16,24,21,20","43,33,0,44,38","52,50,56,55,46","75,72,71,64,61"
167729,846,234,"15,1,9,6,5","28,18,30,29,23","37,35,0,40,31","60,57,56,49,46","63,75,74,66,69"
167730,846,235,"13,3,15,14,8","22,20,26,25,16","45,42,0,34,31","48,60,59,51,54","70,63,62,75,64"
167731,846,236,"7,5,11,10,1","30,27,26,19,16","33,45,0,36,39","55,48,47,60,49","67,68,63,72,64"
167732,846,237,"15,12,11,4,1","18,30,29,21,24","40,33,0,45,34","52,53,48,57,49","69,68,73,63,70"
167733,846,238,"3,15,14,6,9","25,18,17,30,19","37,38,0,42,34","54,53,58,48,55","75,72,67,65,62"
167734,846,239,"10,3,2,15,4","22,23,18,27,19","39,38,0,33,40","60,57,52,50,47","73,68,75,65,69"
167735,846,240,"7,8,3,12,4","24,23,28,18,25","45,42,0,35,32","58,53,60,50,54","75,72,68,69,73"
167736,846,241,"9,8,13,3,10","30,27,22,20,17","43,38,0,35,39","60,57,53,54,58","70,68,69,67,71"
167737,846,242,"15,12,7,5,2","28,23,30,20,24","45,42,0,39,43","55,53,54,52,56","74,71,64,63,61"
167738,846,243,"13,8,15,5,9","30,27,23,24,28","40,38,0,37,41","59,56,49,48,46","65,68,63,64,72"
167739,846,244,"15,12,8,9,13","25,23,24,22,26","44,41,0,33,31","50,53,48,49,57","75,72,61,65,70"
167740,846,245,"10,8,9,7,11","29,26,19,18,16","35,38,0,34,42","60,57,46,50,55","71,74,73,66,64"
167741,846,246,"14,11,4,3,1","20,23,18,19,27","45,42,0,35,40","56,59,58,51,49","69,68,74,66,70"
167742,846,247,"5,8,3,4,12","30,27,16,20,25","41,44,0,36,34","54,53,59,51,55","74,70,68,64,75"
167743,846,248,"15,12,1,5,10","26,29,28,21,19","39,38,0,36,40","59,55,53,49,60","75,72,61,64,62"
167744,846,249,"11,14,13,6,4","24,23,29,21,25","44,40,0,34,45","60,57,46,49,47","72,70,69,62,73"
167745,846,250,"9,8,14,6,10","29,25,23,19,30","45,42,0,34,32","57,55,54,47,58","69,61,71,68,75"
167746,846,251,"14,10,8,4,15","30,27,16,19,17","42,40,0,32,43","54,46,56,53,60","71,67,66,65,69"
167747,846,252,"15,12,1,4,2","27,25,24,17,28","39,31,0,38,45","56,52,51,50,54","61,62,70,72,71"
167748,846,253,"12,10,9,2,13","24,16,26,23,30","41,37,0,35,39","46,47,55,57,56","66,69,65,68,62"
167749,846,254,"9,1,11,8,15","26,22,21,20,24","31,32,0,42,41","51,54,50,53,47","74,72,68,63,75"
167750,846,255,"11,7,6,5,9","16,17,25,27,26","36,39,0,38,32","59,57,53,48,60","69,66,65,72,71"
167751,846,256,"1,2,10,12,11","21,24,20,23,17","44,42,0,33,45","54,51,50,57,56","61,66,69,68,75"
167752,846,257,"6,9,5,8,2","29,27,23,18,30","39,36,0,42,41","46,51,54,53,60","64,73,69,65,61"
167753,846,258,"14,12,8,3,15","24,21,20,27,26","31,36,0,38,45","49,58,54,50,46","74,75,66,63,61"
167754,846,259,"9,6,5,12,11","16,21,24,23,30","34,43,0,35,31","59,60,51,48,46","75,65,69,67,73"
167755,846,260,"1,6,9,8,15","19,28,24,20,16","44,45,0,33,31","60,50,54,52,58","74,65,62,73,72"
167756,846,261,"4,13,9,5,1","29,30,21,18,16","45,35,0,37,43","59,50,47,58,57","70,64,72,67,69"
167757,846,262,"14,15,6,3,1","30,20,24,22,28","44,35,0,43,42","55,49,57,52,54","65,64,62,72,70"
167758,846,263,"15,5,9,7,13","29,20,17,28,27","40,34,0,37,39","50,49,47,57,55","75,74,68,66,71"
167759,846,264,"14,5,2,13,12","25,19,27,22,24","35,34,0,42,40","60,59,53,51,56","62,71,69,63,68"
167760,846,265,"10,4,12,7,9","20,19,17,27,25","45,44,0,36,41","47,56,54,48,53","72,69,73,62,68"
167761,846,266,"12,5,15,1,7","18,22,25,19,17","31,34,0,37,32","48,50,51,46,54","70,71,61,62,65"
167762,846,267,"3,13,2,14,9","16,17,25,26,28","45,39,0,34,32","48,52,60,51,46","73,63,66,65,72"
167763,846,268,"15,6,2,13,4","24,23,20,28,27","32,43,0,35,42","59,57,54,49,48","61,70,67,68,62"
167764,846,269,"15,4,14,1,8","21,25,30,20,24","31,32,0,42,37","58,49,48,50,51","67,61,72,70,69"
167765,846,270,"7,4,8,2,13","16,17,26,27,18","41,40,0,44,43","53,47,46,55,48","61,62,75,70,65"
167766,846,271,"7,6,11,10,5","25,16,22,29,20","31,45,0,37,43","55,54,52,50,48","62,61,63,75,74"
167767,846,272,"13,15,5,6,3","20,22,16,25,23","45,37,0,31,42","46,47,48,49,50","65,71,64,70,74"
167768,846,273,"2,10,15,1,4","22,16,19,23,24","35,37,0,38,34","52,50,51,58,48","68,67,71,73,66"
167769,846,274,"4,12,3,13,11","24,30,23,17,22","41,37,0,45,31","53,52,54,57,58","68,61,72,62,67"
167770,846,275,"15,10,11,6,12","19,23,28,25,27","39,36,0,40,34","56,46,55,60,51","75,67,73,71,63"
167771,846,276,"3,8,12,2,4","18,19,17,16,30","33,43,0,44,40","55,47,53,60,50","71,69,65,68,72"
167772,846,277,"7,4,15,3,6","19,25,17,24,16","45,36,0,41,33","56,46,53,55,47","75,68,62,61,67"
167773,846,278,"14,4,11,2,12","24,29,21,16,22","31,32,0,34,44","53,52,54,50,57","75,66,74,68,69"
167774,846,279,"4,9,1,8,2","27,16,17,18,19","31,44,0,32,40","47,53,48,54,59","67,68,70,61,74"
167775,846,280,"7,6,15,14,2","25,16,17,21,27","39,35,0,42,31","48,55,47,53,51","72,67,66,62,61"
167776,846,281,"11,9,12,2,4","25,28,23,26,21","41,35,0,40,44","49,54,57,56,55","73,68,75,63,71"
167777,846,282,"1,2,3,7,13","16,28,26,21,24","36,38,0,44,40","51,58,48,47,55","71,61,72,68,65"
167778,846,283,"12,8,3,11,9","24,16,17,22,18","32,38,0,31,35","58,46,51,54,55","69,62,73,68,75"
167779,846,284,"4,5,15,8,13","16,26,23,20,21","41,42,0,39,32","46,47,51,54,59","65,63,62,66,64"
167780,846,285,"6,5,9,4,3","21,25,28,16,20","36,44,0,39,43","51,57,49,54,56","71,65,67,64,75"
167781,846,286,"1,15,2,3,4","18,19,16,20,29","40,43,0,32,33","53,60,51,46,54","73,66,61,64,67"
167782,846,287,"2,4,5,14,3","30,26,23,25,21","44,33,0,31,37","55,49,51,48,47","72,63,62,74,69"
167783,846,288,"5,9,11,8,14","24,29,22,28,21","41,34,0,38,33","55,48,47,52,51","68,65,64,74,75"
167784,846,289,"12,9,8,10,4","29,20,22,30,27","33,32,0,44,34","54,49,50,58,51","61,67,71,64,70"
167785,846,290,"4,5,8,9,10","24,27,22,17,23","31,37,0,36,33","49,47,57,55,51","61,68,72,70,69"
167786,846,291,"8,13,2,10,7","24,21,29,16,17","34,33,0,35,44","55,54,50,52,58","61,68,71,62,66"
167787,846,292,"1,8,3,2,12","29,18,23,26,21","33,41,0,38,36","49,53,46,52,47","72,64,68,71,63"
167788,846,293,"1,2,14,3,4","18,21,25,30,29","43,40,0,34,42","47,60,53,57,49","61,62,63,64,73"
167789,846,294,"4,7,3,11,10","22,25,27,24,16","31,44,0,45,37","58,48,49,54,51","72,63,62,66,67"
167790,846,295,"5,4,3,15,13","30,18,17,29,24","32,42,0,45,31","49,46,55,59,56","73,71,64,65,72"
167791,846,296,"8,4,14,1,2","23,30,16,26,20","34,40,0,43,41","52,57,51,50,49","74,68,63,66,62"
167792,846,297,"4,3,6,2,13","27,17,16,25,18","35,32,0,42,44","58,48,60,49,52","70,69,68,66,73"
167793,846,298,"8,10,1,13,2","22,16,17,29,23","43,38,0,41,36","50,46,56,53,52","64,74,63,71,69"
167794,846,299,"4,3,8,1,5","16,17,27,21,24","44,38,0,40,43","46,57,47,55,54","71,73,64,65,74"
167795,846,300,"14,6,12,1,4","18,19,20,21,22","38,33,0,40,34","53,52,57,47,56","67,66,72,75,73"
167796,846,301,"6,3,2,7,14","18,20,21,17,25","40,32,0,45,39","55,52,49,48,60","69,75,71,70,65"
167797,846,302,"6,4,11,3,13","28,16,30,23,17","34,43,0,45,42","48,52,47,51,57","61,63,67,75,69"
167798,846,303,"6,14,10,3,4","23,17,30,18,21","31,37,0,32,36","52,59,49,57,50","61,62,71,75,63"
167799,846,304,"1,4,6,8,2","16,26,24,17,22","44,37,0,32,40","59,56,46,47,48","63,64,70,74,73"
167800,846,305,"6,2,12,15,11","30,16,23,24,25","37,42,0,31,40","46,59,49,57,51","64,68,74,70,63"
167801,846,306,"4,1,15,8,6","20,19,18,21,25","31,45,0,41,44","52,46,56,51,47","74,66,70,72,71"
167802,846,307,"9,8,11,3,4","16,17,18,29,25","34,37,0,41,32","50,57,52,53,60","65,64,66,61,70"
167803,846,308,"8,4,6,15,13","30,20,27,24,26","34,33,0,32,44","51,60,58,52,54","61,62,75,63,73"
167804,846,309,"7,11,4,9,12","27,28,21,19,25","31,32,0,35,40","48,52,50,58,49","72,61,66,62,73"
167805,846,310,"4,1,9,10,11","19,23,26,25,16","34,39,0,45,43","60,46,47,56,59","61,70,71,64,63"
167806,846,311,"1,8,4,9,5","19,28,18,27,23","34,35,0,45,44","55,48,57,47,56","63,62,64,65,75"
167807,846,312,"2,3,12,8,6","16,18,23,25,21","44,32,0,31,35","48,47,60,59,58","70,68,61,62,66"
167808,846,313,"11,9,13,12,6","16,30,19,25,29","37,34,0,40,39","51,55,59,50,60","73,74,61,68,66"
167809,846,314,"15,4,8,12,3","16,25,23,26,27","32,31,0,33,35","52,50,48,60,53","63,74,62,71,75"
167810,846,315,"6,4,15,10,2","24,26,21,25,20","31,36,0,42,32","46,59,51,52,60","61,67,74,64,65"
167811,846,316,"4,14,8,12,15","30,19,18,22,21","41,31,0,39,34","59,53,57,48,60","63,71,75,74,62"
167812,846,317,"2,5,9,13,7","16,21,24,17,22","34,35,0,31,32","53,57,49,46,55","63,65,64,72,61"
167813,846,318,"5,4,15,12,9","16,17,30,24,21","39,38,0,42,45","46,49,47,54,55","61,62,63,68,64"
167814,846,319,"8,13,6,15,10","21,19,27,23,16","39,43,0,33,34","53,58,57,52,51","64,71,63,62,74"
167815,846,320,"6,8,4,1,10","22,17,20,27,30","41,34,0,35,40","56,46,47,50,53","74,71,70,65,63"
167816,846,321,"8,1,13,2,6","26,20,16,25,19","45,37,0,39,31","49,57,60,53,50","64,73,70,65,72"
167817,846,322,"12,15,3,4,5","19,16,25,26,30","31,38,0,39,32","49,55,50,54,53","69,61,62,67,70"
167818,846,323,"15,2,1,6,3","16,17,30,23,25","44,32,0,34,39","55,52,58,54,59","74,67,69,71,72"
167819,846,324,"6,11,12,8,10","22,28,16,17,18","41,32,0,36,38","58,59,53,47,50","65,70,72,64,69"
167820,846,325,"14,13,12,1,2","26,30,19,23,21","33,37,0,32,31","57,51,50,48,47","63,62,72,71,61"
167821,846,326,"15,1,6,10,2","20,21,27,29,28","42,40,0,44,37","60,58,47,46,59","62,69,72,68,70"
167822,846,327,"13,2,7,1,12","18,17,25,19,21","31,38,0,43,36","54,53,57,46,47","74,72,70,63,67"
167823,846,328,"2,4,14,9,13","17,25,18,24,21","37,45,0,38,32","48,55,50,51,47","64,74,61,75,70"
167824,846,329,"5,11,4,9,6","21,20,26,19,23","35,34,0,38,42","50,49,54,48,56","68,67,71,66,72"
167825,846,330,"8,4,9,10,7","23,22,30,21,26","44,32,0,43,40","53,48,59,47,57","65,73,61,71,66"
167826,846,331,"4,5,13,8,10","18,30,27,26,19","37,40,0,41,36","59,48,60,53,55","72,64,62,65,61"
167827,846,332,"13,2,1,10,4","16,28,23,17,25","31,44,0,40,39","57,48,51,53,47","66,65,63,68,67"
167828,846,333,"1,8,6,5,11","19,18,27,26,17","38,31,0,37,33","51,60,49,46,57","63,62,66,61,68"
167829,846,334,"10,5,1,6,12","28,21,25,26,19","37,34,0,40,32","56,48,57,59,58","68,71,64,61,73"
167830,846,335,"10,11,9,8,14","16,27,19,29,17","38,37,0,45,43","50,51,54,58,49","74,71,66,72,67"
167831,846,336,"6,12,13,4,14","23,22,26,30,16","33,37,0,35,31","58,60,48,55,59","68,74,73,67,66"
167832,846,337,"10,8,3,11,13","21,22,19,24,20","45,32,0,40,34","57,56,58,55,54","63,69,64,70,73"
167833,846,338,"10,13,15,7,8","29,19,21,18,30","31,38,0,34,45","46,60,47,53,52","66,72,61,73,62"
167834,846,339,"9,15,13,4,12","22,25,26,21,20","33,40,0,32,36","54,50,60,49,53","67,68,64,61,74"
167835,846,340,"12,15,10,14,1","26,17,16,24,30","38,40,0,43,34","52,46,56,53,55","68,61,62,69,63"
167836,846,341,"4,5,2,10,6","16,17,18,22,27","39,37,0,31,36","56,49,46,59,60","63,68,75,71,66"
167837,846,342,"5,13,4,15,10","21,28,29,19,27","41,34,0,36,40","52,58,57,51,56","64,68,74,69,75"
167838,846,343,"1,11,2,13,3","16,30,17,29,27","42,36,0,41,34","49,53,46,54,50","74,70,61,64,67"
167839,846,344,"4,1,8,6,5","21,16,17,29,23","31,32,0,36,38","56,55,54,53,52","66,71,67,69,70"
167840,846,345,"8,5,13,2,6","24,30,16,23,28","31,32,0,38,36","46,48,57,49,50","75,63,62,64,69"
167841,846,346,"7,15,6,10,14","30,25,23,28,16","39,38,0,43,37","58,50,46,55,51","61,70,67,74,62"
167842,846,347,"11,13,4,14,15","29,17,30,23,20","44,33,0,41,34","54,49,46,59,50","67,68,63,62,65"
167843,846,348,"12,4,1,2,10","18,19,26,27,21","36,33,0,34,32","53,58,59,46,56","74,68,65,72,67"
167844,846,349,"6,9,12,1,8","25,16,17,22,29","36,44,0,42,35","46,48,57,56,49","64,69,74,72,68"
167845,846,350,"12,6,15,1,11","25,21,19,16,24","38,36,0,31,32","58,53,60,49,57","68,69,64,71,70"
167846,846,351,"4,9,14,2,6","24,21,25,23,26","40,38,0,42,32","46,60,50,47,59","71,68,62,69,61"
167847,846,352,"1,13,14,8,3","27,29,16,21,17","42,36,0,43,40","49,48,56,60,57","67,62,63,70,71"
167848,846,353,"10,3,2,15,6","16,19,25,18,17","34,32,0,31,36","53,59,46,47,52","73,68,64,69,62"
167849,846,354,"13,1,7,10,4","16,22,27,17,18","39,42,0,40,36","50,52,49,48,51","63,64,66,71,74"
167850,846,355,"11,10,12,9,14","21,29,16,30,22","42,37,0,38,39","46,53,60,49,59","63,64,65,67,62"
167851,846,356,"7,13,11,6,10","19,28,22,27,24","43,44,0,34,42","53,60,49,56,54","72,67,66,62,69"
167852,846,357,"1,2,15,11,3","28,30,19,24,18","31,32,0,42,44","52,57,55,59,48","66,69,67,68,64"
167853,846,358,"1,2,10,3,12","22,28,20,26,25","40,43,0,34,31","46,51,47,60,50","72,68,71,67,69"
167854,846,359,"13,7,1,8,10","20,24,23,19,27","31,34,0,35,41","48,51,52,47,50","67,68,75,64,71"
167855,846,360,"7,11,15,8,9","29,16,17,18,19","38,41,0,34,40","53,57,47,56,50","64,61,73,68,66"
167856,846,361,"1,14,7,10,9","21,23,20,28,24","38,35,0,45,34","56,52,51,58,50","70,73,72,63,65"
167857,846,362,"10,9,2,6,3","19,21,17,18,30","33,36,0,40,34","46,47,58,60,50","68,73,67,70,64"
167858,846,363,"1,2,8,9,5","27,25,23,24,19","43,41,0,36,39","48,47,54,55,57","74,75,68,61,71"
167859,846,364,"7,3,2,15,10","19,20,28,30,26","35,40,0,43,42","56,47,55,51,54","61,71,72,62,75"
167860,846,365,"12,3,7,5,11","29,19,17,23,16","31,32,0,40,36","47,49,51,55,54","70,64,71,69,74"
167861,846,366,"2,1,10,4,7","20,30,17,16,27","35,33,0,34,36","52,56,60,46,47","61,66,62,69,71"
167862,846,367,"13,14,3,15,12","19,30,21,28,27","38,36,0,42,43","60,46,53,56,47","72,64,73,66,75"
167863,846,368,"2,8,1,15,11","16,17,26,21,18","35,31,0,37,42","53,59,50,55,56","62,63,75,65,67"
167864,846,369,"10,9,12,4,7","20,29,25,23,16","31,39,0,35,32","46,55,57,54,47","64,61,73,63,65"
167865,846,370,"15,5,6,4,10","23,27,19,26,18","34,32,0,36,31","51,47,57,54,49","63,74,65,66,69"
167866,846,371,"5,15,7,1,4","16,26,17,18,24","34,45,0,41,37","57,59,46,53,50","67,66,65,72,64"
167867,846,372,"15,7,3,6,8","21,17,16,19,22","33,31,0,44,42","51,50,57,52,56","61,67,72,68,62"
167868,846,373,"4,3,12,7,15","30,22,16,26,23","43,33,0,37,44","55,49,46,50,47","72,70,69,68,71"
167869,846,374,"14,7,9,6,8","18,26,23,22,17","31,41,0,39,45","53,50,52,60,58","73,69,71,72,68"
167870,846,375,"5,10,7,8,4","28,17,29,18,21","34,35,0,38,44","47,60,49,48,55","70,64,65,67,74"
167871,846,376,"8,3,5,6,11","24,21,22,20,25","35,44,0,40,43","51,50,49,54,48","61,62,67,63,66"
167872,846,377,"1,13,9,11,7","30,22,24,28,27","37,35,0,41,38","56,54,48,49,51","74,61,72,62,64"
167873,846,378,"1,12,2,3,4","19,26,22,24,21","32,36,0,31,34","46,47,53,55,56","70,71,61,62,68"
167874,846,379,"1,15,6,2,8","17,16,27,28,22","44,45,0,41,37","57,52,48,49,47","75,64,66,67,68"
167875,846,380,"4,2,6,8,7","21,24,28,19,27","40,33,0,42,34","48,56,52,49,54","71,62,73,66,70"
167876,846,381,"15,3,4,5,7","30,27,18,28,23","31,39,0,43,37","58,53,50,59,51","74,67,65,64,66"
167877,846,382,"14,13,5,10,12","24,17,16,22,29","37,36,0,38,35","58,51,46,49,55","75,62,64,65,67"
167878,846,383,"2,8,3,9,5","23,29,26,22,21","31,44,0,35,34","48,51,53,52,54","65,75,69,61,70"
167879,846,384,"6,5,15,12,4","27,19,22,26,28","38,44,0,34,33","53,50,57,60,56","63,62,75,74,73"
167880,846,385,"5,1,12,2,11","21,19,29,25,30","39,43,0,32,38","58,54,48,57,50","70,61,67,68,62"
167881,846,386,"1,2,7,10,3","16,25,24,29,17","42,32,0,44,33","48,54,56,59,55","64,63,68,74,67"
167882,846,387,"1,2,8,10,11","19,18,22,20,26","36,39,0,34,33","55,48,46,51,59","65,62,66,71,64"
167883,846,388,"14,3,2,15,6","16,26,19,25,17","31,38,0,43,32","54,47,51,60,57","75,64,72,66,63"
167884,846,389,"6,11,5,10,4","24,28,30,25,22","33,32,0,43,36","50,58,51,49,53","73,71,66,74,72"
167885,846,390,"3,14,2,4,1","20,19,25,18,24","33,39,0,32,38","46,50,57,58,51","72,63,74,68,70"
167886,846,391,"11,6,8,13,1","19,25,24,18,17","34,37,0,38,32","53,47,57,56,51","61,65,72,62,71"
167887,846,392,"8,7,9,6,5","16,21,28,17,22","42,32,0,43,31","51,52,53,56,54","67,71,62,73,72"
167888,846,393,"14,7,13,15,4","16,27,30,26,22","40,41,0,45,31","51,52,46,48,49","75,64,71,63,67"
167889,846,394,"4,3,7,2,14","26,27,23,18,30","31,44,0,36,34","59,52,46,54,56","61,72,74,62,63"
167890,846,395,"4,11,1,14,5","22,29,16,17,28","31,32,0,42,40","46,57,52,47,55","68,70,71,65,61"
167891,846,396,"11,6,7,5,4","20,22,19,17,27","33,34,0,32,38","46,49,58,59,51","67,61,72,62,75"
167892,846,397,"3,14,6,1,15","23,17,16,26,21","34,45,0,37,36","47,56,59,46,51","64,72,71,61,66"
167893,846,398,"6,8,5,4,14","29,28,19,16,24","34,42,0,36,37","46,60,52,54,58","65,67,68,75,64"
167894,846,399,"6,5,4,14,7","23,16,27,24,28","38,31,0,37,32","54,53,52,51,60","61,68,71,75,69"
167895,846,400,"12,2,3,1,10","27,19,23,28,30","42,31,0,45,35","55,52,46,59,60","72,62,63,71,61"
